-- phpMyAdmin SQL Dump
-- version 5.2.1
-- https://www.phpmyadmin.net/
--
-- Gép: 127.0.0.1:3307
-- Létrehozás ideje: 2025. Nov 20. 14:11
-- Kiszolgáló verziója: 10.4.32-MariaDB
-- PHP verzió: 8.2.12

SET SQL_MODE = "NO_AUTO_VALUE_ON_ZERO";
START TRANSACTION;
SET time_zone = "+00:00";


/*!40101 SET @OLD_CHARACTER_SET_CLIENT=@@CHARACTER_SET_CLIENT */;
/*!40101 SET @OLD_CHARACTER_SET_RESULTS=@@CHARACTER_SET_RESULTS */;
/*!40101 SET @OLD_COLLATION_CONNECTION=@@COLLATION_CONNECTION */;
/*!40101 SET NAMES utf8mb4 */;

--
-- Adatbázis: `webshop`
--

DELIMITER $$
--
-- Eljárások
--
CREATE DEFINER=`root`@`localhost` PROCEDURE `KesztletFrissites` (IN `termek_id` INT, IN `eladott_mennyiseg` INT)   BEGIN
    UPDATE Products 
    SET Kesztlet = Kesztlet - eladott_mennyiseg 
    WHERE Termek_ID = termek_id AND Kesztlet >= eladott_mennyiseg;
END$$

DELIMITER ;

-- --------------------------------------------------------

--
-- Tábla szerkezet ehhez a táblához `categories`
--

CREATE TABLE `categories` (
  `Kategoria_ID` int(11) NOT NULL,
  `Kategoria_Nev` varchar(100) NOT NULL,
  `Szulo_Kategoria_ID` int(11) DEFAULT NULL
) ENGINE=InnoDB DEFAULT CHARSET=utf8mb4 COLLATE=utf8mb4_general_ci;

--
-- A tábla adatainak kiíratása `categories`
--

INSERT INTO `categories` (`Kategoria_ID`, `Kategoria_Nev`, `Szulo_Kategoria_ID`) VALUES
(1, 'Elektronika', NULL),
(2, 'Számítástechnika', 1),
(3, 'Okoseszközök', 1),
(4, 'Könyvek', NULL),
(5, 'Szépirodalom', 4),
(6, 'Informatika', 4);

-- --------------------------------------------------------

--
-- Tábla szerkezet ehhez a táblához `customers`
--

CREATE TABLE `customers` (
  `Vasarlo_ID` int(11) NOT NULL,
  `Nev` varchar(100) NOT NULL,
  `Email` varchar(100) NOT NULL,
  `Cim` text NOT NULL,
  `Regisztracio_Datuma` datetime DEFAULT current_timestamp(),
  `Telefon` varchar(20) DEFAULT NULL,
  `Jelszo_Hash` varchar(255) NOT NULL
) ENGINE=InnoDB DEFAULT CHARSET=utf8mb4 COLLATE=utf8mb4_general_ci;

--
-- A tábla adatainak kiíratása `customers`
--

INSERT INTO `customers` (`Vasarlo_ID`, `Nev`, `Email`, `Cim`, `Regisztracio_Datuma`, `Telefon`, `Jelszo_Hash`) VALUES
(1, 'Kovács Anna', 'anna.kovacs@email.hu', '1234 Budapest, Petőfi Sándor utca 12.', '2025-11-20 11:54:57', '+3612345678', '$2y$10$92IXUNpkjO0rOQ5byMi.Ye4oKoEa3Ro9llC/.og/at2.uheWG/igi'),
(2, 'Nagy Péter', 'peter.nagy@email.hu', '5678 Debrecen, Kossuth Lajos utca 45.', '2025-11-20 11:54:57', '+3620345678', '$2y$10$92IXUNpkjO0rOQ5byMi.Ye4oKoEa3Ro9llC/.og/at2.uheWG/igi'),
(3, 'ubzkg', 'jjjhmjgkj', 'jhjgg,j,ukg', '2025-11-20 13:51:26', '545646564', 'E?,CڗO;ye1?c\\b?');

-- --------------------------------------------------------

--
-- Tábla szerkezet ehhez a táblához `orders`
--

CREATE TABLE `orders` (
  `Rendeles_ID` int(11) NOT NULL,
  `Vasarlo_ID` int(11) NOT NULL,
  `Rendeles_Datuma` datetime DEFAULT current_timestamp(),
  `Szallitasi_Cim` text NOT NULL,
  `Statusz` enum('feldolgozás alatt','feldolgozva','kiszállítás alatt','kiszállítva','teljesítve','törölve') DEFAULT 'feldolgozás alatt',
  `Fizetesi_Mod` enum('bankkártya','utalás','készpénz','átutalás') DEFAULT NULL,
  `Vegosszeg` decimal(10,2) NOT NULL CHECK (`Vegosszeg` >= 0)
) ENGINE=InnoDB DEFAULT CHARSET=utf8mb4 COLLATE=utf8mb4_general_ci;

--
-- A tábla adatainak kiíratása `orders`
--

INSERT INTO `orders` (`Rendeles_ID`, `Vasarlo_ID`, `Rendeles_Datuma`, `Szallitasi_Cim`, `Statusz`, `Fizetesi_Mod`, `Vegosszeg`) VALUES
(1, 1, '2025-11-20 11:54:57', '1234 Budapest, Petőfi Sándor utca 12.', 'kiszállítás alatt', 'bankkártya', 349980.00),
(2, 2, '2025-11-20 11:54:57', '5678 Debrecen, Kossuth Lajos utca 45.', 'feldolgozva', 'utalás', 49990.00);

-- --------------------------------------------------------

--
-- Tábla szerkezet ehhez a táblához `order_items`
--

CREATE TABLE `order_items` (
  `Tetel_ID` int(11) NOT NULL,
  `Rendeles_ID` int(11) NOT NULL,
  `Termek_ID` int(11) NOT NULL,
  `Mennyiseg` int(11) NOT NULL CHECK (`Mennyiseg` > 0),
  `Egysegar` decimal(10,2) NOT NULL CHECK (`Egysegar` >= 0)
) ENGINE=InnoDB DEFAULT CHARSET=utf8mb4 COLLATE=utf8mb4_general_ci;

--
-- A tábla adatainak kiíratása `order_items`
--

INSERT INTO `order_items` (`Tetel_ID`, `Rendeles_ID`, `Termek_ID`, `Mennyiseg`, `Egysegar`) VALUES
(1, 1, 1, 1, 299990.00),
(2, 1, 2, 1, 49990.00),
(3, 2, 2, 1, 49990.00);

--
-- Eseményindítók `order_items`
--
DELIMITER $$
CREATE TRIGGER `Rendeles_Osszeg_Frissites` AFTER INSERT ON `order_items` FOR EACH ROW BEGIN
    UPDATE Orders o
    SET o.Vegosszeg = (
        SELECT SUM(oi.Mennyiseg * oi.Egysegar)
        FROM Order_Items oi
        WHERE oi.Rendeles_ID = NEW.Rendeles_ID
    )
    WHERE o.Rendeles_ID = NEW.Rendeles_ID;
END
$$
DELIMITER ;

-- --------------------------------------------------------

--
-- Tábla szerkezet ehhez a táblához `products`
--

CREATE TABLE `products` (
  `Termek_ID` int(11) NOT NULL,
  `Nev` varchar(200) NOT NULL,
  `Leiras` text DEFAULT NULL,
  `Ar` decimal(10,2) NOT NULL CHECK (`Ar` >= 0),
  `Kesztlet` int(11) NOT NULL DEFAULT 0 CHECK (`Kesztlet` >= 0),
  `Kategoria_ID` int(11) DEFAULT NULL,
  `Kep_URL` varchar(500) DEFAULT NULL,
  `Aktiv` tinyint(1) DEFAULT 1,
  `Letrehozas_Datuma` datetime DEFAULT current_timestamp()
) ENGINE=InnoDB DEFAULT CHARSET=utf8mb4 COLLATE=utf8mb4_general_ci;

--
-- A tábla adatainak kiíratása `products`
--

INSERT INTO `products` (`Termek_ID`, `Nev`, `Leiras`, `Ar`, `Kesztlet`, `Kategoria_ID`, `Kep_URL`, `Aktiv`, `Letrehozas_Datuma`) VALUES
(1, 'ASUS Laptop', 'Magas teljesítményű laptop programozáshoz', 299990.00, 5, 2, NULL, 1, '2025-11-20 11:54:57'),
(2, 'Okosóra', 'Sportokosóra egészségmonitorozással', 49990.00, 10, 3, NULL, 1, '2025-11-20 11:54:57'),
(3, 'Java Programozás', 'Alapfokú Java programozás tankönyv', 8990.00, 20, 6, NULL, 1, '2025-11-20 11:54:57');

-- --------------------------------------------------------

--
-- A nézet helyettes szerkezete `rendeles_reszletek`
-- (Lásd alább az aktuális nézetet)
--
CREATE TABLE `rendeles_reszletek` (
`Rendeles_ID` int(11)
,`Rendeles_Datuma` datetime
,`Vasarlo_Neve` varchar(100)
,`Email` varchar(100)
,`Szallitasi_Cim` text
,`Statusz` enum('feldolgozás alatt','feldolgozva','kiszállítás alatt','kiszállítva','teljesítve','törölve')
,`Vegosszeg` decimal(10,2)
,`Termekek_Szama` bigint(21)
);

-- --------------------------------------------------------

--
-- Tábla szerkezet ehhez a táblához `szamlafej`
--

CREATE TABLE `szamlafej` (
  `id` int(11) NOT NULL,
  `szamlaszam` varchar(30) NOT NULL,
  `kelt` datetime NOT NULL,
  `teljesites` datetime NOT NULL,
  `vevoid` int(11) NOT NULL
) ENGINE=InnoDB DEFAULT CHARSET=utf8mb4 COLLATE=utf8mb4_general_ci;

--
-- A tábla adatainak kiíratása `szamlafej`
--

INSERT INTO `szamlafej` (`id`, `szamlaszam`, `kelt`, `teljesites`, `vevoid`) VALUES
(1, 'SZ-00001/2018', '2018-01-01 00:00:00', '2018-01-01 00:00:00', 13),
(2, 'SZ-00002/2018', '2018-01-01 00:00:00', '2018-01-01 00:00:00', 10),
(3, 'SZ-00003/2018', '2018-01-01 00:00:00', '2018-01-01 00:00:00', 60),
(4, 'SZ-00004/2018', '2018-01-02 00:00:00', '2018-01-02 00:00:00', 1),
(5, 'SZ-00005/2018', '2018-01-02 00:00:00', '2018-01-02 00:00:00', 61),
(6, 'SZ-00006/2018', '2018-01-02 00:00:00', '2018-01-02 00:00:00', 15),
(7, 'SZ-00007/2018', '2018-01-02 00:00:00', '2018-01-02 00:00:00', 84),
(8, 'SZ-00008/2018', '2018-01-02 00:00:00', '2018-01-02 00:00:00', 9),
(9, 'SZ-00009/2018', '2018-01-02 00:00:00', '2018-01-02 00:00:00', 73),
(10, 'SZ-00010/2018', '2018-01-02 00:00:00', '2018-01-02 00:00:00', 2),
(11, 'SZ-00011/2018', '2018-01-02 00:00:00', '2018-01-02 00:00:00', 54),
(12, 'SZ-00012/2018', '2018-01-02 00:00:00', '2018-01-02 00:00:00', 34),
(13, 'SZ-00013/2018', '2018-01-02 00:00:00', '2018-01-02 00:00:00', 53),
(14, 'SZ-00014/2018', '2018-01-02 00:00:00', '2018-01-02 00:00:00', 97),
(15, 'SZ-00015/2018', '2018-01-02 00:00:00', '2018-01-02 00:00:00', 13),
(16, 'SZ-00016/2018', '2018-01-02 00:00:00', '2018-01-02 00:00:00', 10),
(17, 'SZ-00017/2018', '2018-01-02 00:00:00', '2018-01-02 00:00:00', 25),
(18, 'SZ-00018/2018', '2018-01-02 00:00:00', '2018-01-02 00:00:00', 20),
(19, 'SZ-00019/2018', '2018-01-02 00:00:00', '2018-01-02 00:00:00', 77),
(20, 'SZ-00020/2018', '2018-01-02 00:00:00', '2018-01-02 00:00:00', 57),
(21, 'SZ-00021/2018', '2018-01-02 00:00:00', '2018-01-02 00:00:00', 86),
(22, 'SZ-00022/2018', '2018-01-03 00:00:00', '2018-01-03 00:00:00', 16),
(23, 'SZ-00023/2018', '2018-01-03 00:00:00', '2018-01-03 00:00:00', 31),
(24, 'SZ-00024/2018', '2018-01-03 00:00:00', '2018-01-03 00:00:00', 74),
(25, 'SZ-00025/2018', '2018-01-04 00:00:00', '2018-01-04 00:00:00', 15),
(26, 'SZ-00026/2018', '2018-01-04 00:00:00', '2018-01-04 00:00:00', 89),
(27, 'SZ-00027/2018', '2018-01-04 00:00:00', '2018-01-04 00:00:00', 53),
(28, 'SZ-00028/2018', '2018-01-05 00:00:00', '2018-01-05 00:00:00', 3),
(29, 'SZ-00029/2018', '2018-01-05 00:00:00', '2018-01-05 00:00:00', 81),
(30, 'SZ-00030/2018', '2018-01-05 00:00:00', '2018-01-05 00:00:00', 70),
(31, 'SZ-00031/2018', '2018-01-05 00:00:00', '2018-01-05 00:00:00', 56),
(32, 'SZ-00032/2018', '2018-01-05 00:00:00', '2018-01-05 00:00:00', 99),
(33, 'SZ-00033/2018', '2018-01-05 00:00:00', '2018-01-05 00:00:00', 22),
(34, 'SZ-00034/2018', '2018-01-06 00:00:00', '2018-01-06 00:00:00', 14),
(35, 'SZ-00035/2018', '2018-01-06 00:00:00', '2018-01-06 00:00:00', 46),
(36, 'SZ-00036/2018', '2018-01-06 00:00:00', '2018-01-06 00:00:00', 91),
(37, 'SZ-00037/2018', '2018-01-06 00:00:00', '2018-01-06 00:00:00', 34),
(38, 'SZ-00038/2018', '2018-01-07 00:00:00', '2018-01-07 00:00:00', 86),
(39, 'SZ-00039/2018', '2018-01-07 00:00:00', '2018-01-07 00:00:00', 93),
(40, 'SZ-00040/2018', '2018-01-07 00:00:00', '2018-01-07 00:00:00', 92),
(41, 'SZ-00041/2018', '2018-01-07 00:00:00', '2018-01-07 00:00:00', 21),
(42, 'SZ-00042/2018', '2018-01-07 00:00:00', '2018-01-07 00:00:00', 3),
(43, 'SZ-00043/2018', '2018-01-07 00:00:00', '2018-01-07 00:00:00', 70),
(44, 'SZ-00044/2018', '2018-01-07 00:00:00', '2018-01-07 00:00:00', 42),
(45, 'SZ-00045/2018', '2018-01-07 00:00:00', '2018-01-07 00:00:00', 18),
(46, 'SZ-00046/2018', '2018-01-08 00:00:00', '2018-01-08 00:00:00', 16),
(47, 'SZ-00047/2018', '2018-01-09 00:00:00', '2018-01-09 00:00:00', 30),
(48, 'SZ-00048/2018', '2018-01-09 00:00:00', '2018-01-09 00:00:00', 18),
(49, 'SZ-00049/2018', '2018-01-09 00:00:00', '2018-01-09 00:00:00', 14),
(50, 'SZ-00050/2018', '2018-01-09 00:00:00', '2018-01-09 00:00:00', 17),
(51, 'SZ-00051/2018', '2018-01-09 00:00:00', '2018-01-09 00:00:00', 5),
(52, 'SZ-00052/2018', '2018-01-09 00:00:00', '2018-01-09 00:00:00', 25),
(53, 'SZ-00053/2018', '2018-01-09 00:00:00', '2018-01-09 00:00:00', 31),
(54, 'SZ-00054/2018', '2018-01-09 00:00:00', '2018-01-09 00:00:00', 12),
(55, 'SZ-00055/2018', '2018-01-09 00:00:00', '2018-01-09 00:00:00', 93),
(56, 'SZ-00056/2018', '2018-01-09 00:00:00', '2018-01-09 00:00:00', 73),
(57, 'SZ-00057/2018', '2018-01-09 00:00:00', '2018-01-09 00:00:00', 93),
(58, 'SZ-00058/2018', '2018-01-09 00:00:00', '2018-01-09 00:00:00', 40),
(59, 'SZ-00059/2018', '2018-01-10 00:00:00', '2018-01-10 00:00:00', 57),
(60, 'SZ-00060/2018', '2018-01-10 00:00:00', '2018-01-10 00:00:00', 43),
(61, 'SZ-00061/2018', '2018-01-10 00:00:00', '2018-01-10 00:00:00', 13),
(62, 'SZ-00062/2018', '2018-01-10 00:00:00', '2018-01-10 00:00:00', 17),
(63, 'SZ-00063/2018', '2018-01-11 00:00:00', '2018-01-11 00:00:00', 67),
(64, 'SZ-00064/2018', '2018-01-11 00:00:00', '2018-01-11 00:00:00', 16),
(65, 'SZ-00065/2018', '2018-01-11 00:00:00', '2018-01-11 00:00:00', 88),
(66, 'SZ-00066/2018', '2018-01-11 00:00:00', '2018-01-11 00:00:00', 76),
(67, 'SZ-00067/2018', '2018-01-11 00:00:00', '2018-01-11 00:00:00', 31),
(68, 'SZ-00068/2018', '2018-01-12 00:00:00', '2018-01-12 00:00:00', 38),
(69, 'SZ-00069/2018', '2018-01-12 00:00:00', '2018-01-12 00:00:00', 89),
(70, 'SZ-00070/2018', '2018-01-13 00:00:00', '2018-01-13 00:00:00', 4),
(71, 'SZ-00071/2018', '2018-01-13 00:00:00', '2018-01-13 00:00:00', 85),
(72, 'SZ-00072/2018', '2018-01-13 00:00:00', '2018-01-13 00:00:00', 46),
(73, 'SZ-00073/2018', '2018-01-14 00:00:00', '2018-01-14 00:00:00', 79),
(74, 'SZ-00074/2018', '2018-01-14 00:00:00', '2018-01-14 00:00:00', 26),
(75, 'SZ-00075/2018', '2018-01-14 00:00:00', '2018-01-14 00:00:00', 80),
(76, 'SZ-00076/2018', '2018-01-15 00:00:00', '2018-01-15 00:00:00', 88),
(77, 'SZ-00077/2018', '2018-01-16 00:00:00', '2018-01-16 00:00:00', 40),
(78, 'SZ-00078/2018', '2018-01-16 00:00:00', '2018-01-16 00:00:00', 47),
(79, 'SZ-00079/2018', '2018-01-16 00:00:00', '2018-01-16 00:00:00', 83),
(80, 'SZ-00080/2018', '2018-01-16 00:00:00', '2018-01-16 00:00:00', 17),
(81, 'SZ-00081/2018', '2018-01-16 00:00:00', '2018-01-16 00:00:00', 86),
(82, 'SZ-00082/2018', '2018-01-16 00:00:00', '2018-01-16 00:00:00', 60),
(83, 'SZ-00083/2018', '2018-01-16 00:00:00', '2018-01-16 00:00:00', 2),
(84, 'SZ-00084/2018', '2018-01-17 00:00:00', '2018-01-17 00:00:00', 38),
(85, 'SZ-00085/2018', '2018-01-17 00:00:00', '2018-01-17 00:00:00', 8),
(86, 'SZ-00086/2018', '2018-01-17 00:00:00', '2018-01-17 00:00:00', 82),
(87, 'SZ-00087/2018', '2018-01-17 00:00:00', '2018-01-17 00:00:00', 4),
(88, 'SZ-00088/2018', '2018-01-17 00:00:00', '2018-01-17 00:00:00', 70),
(89, 'SZ-00089/2018', '2018-01-17 00:00:00', '2018-01-17 00:00:00', 58),
(90, 'SZ-00090/2018', '2018-01-17 00:00:00', '2018-01-17 00:00:00', 35),
(91, 'SZ-00091/2018', '2018-01-17 00:00:00', '2018-01-17 00:00:00', 20),
(92, 'SZ-00092/2018', '2018-01-17 00:00:00', '2018-01-17 00:00:00', 17),
(93, 'SZ-00093/2018', '2018-01-17 00:00:00', '2018-01-17 00:00:00', 100),
(94, 'SZ-00094/2018', '2018-01-17 00:00:00', '2018-01-17 00:00:00', 53),
(95, 'SZ-00095/2018', '2018-01-17 00:00:00', '2018-01-17 00:00:00', 24),
(96, 'SZ-00096/2018', '2018-01-17 00:00:00', '2018-01-17 00:00:00', 55),
(97, 'SZ-00097/2018', '2018-01-17 00:00:00', '2018-01-17 00:00:00', 60),
(98, 'SZ-00098/2018', '2018-01-17 00:00:00', '2018-01-17 00:00:00', 65),
(99, 'SZ-00099/2018', '2018-01-17 00:00:00', '2018-01-17 00:00:00', 41),
(100, 'SZ-00100/2018', '2018-01-18 00:00:00', '2018-01-18 00:00:00', 75),
(101, 'SZ-00101/2018', '2018-01-18 00:00:00', '2018-01-18 00:00:00', 68),
(102, 'SZ-00102/2018', '2018-01-19 00:00:00', '2018-01-19 00:00:00', 1),
(103, 'SZ-00103/2018', '2018-01-19 00:00:00', '2018-01-19 00:00:00', 25),
(104, 'SZ-00104/2018', '2018-01-19 00:00:00', '2018-01-19 00:00:00', 7),
(105, 'SZ-00105/2018', '2018-01-19 00:00:00', '2018-01-19 00:00:00', 29),
(106, 'SZ-00106/2018', '2018-01-19 00:00:00', '2018-01-19 00:00:00', 12),
(107, 'SZ-00107/2018', '2018-01-19 00:00:00', '2018-01-19 00:00:00', 83),
(108, 'SZ-00108/2018', '2018-01-19 00:00:00', '2018-01-19 00:00:00', 37),
(109, 'SZ-00109/2018', '2018-01-19 00:00:00', '2018-01-19 00:00:00', 12),
(110, 'SZ-00110/2018', '2018-01-19 00:00:00', '2018-01-19 00:00:00', 92),
(111, 'SZ-00111/2018', '2018-01-20 00:00:00', '2018-01-20 00:00:00', 43),
(112, 'SZ-00112/2018', '2018-01-20 00:00:00', '2018-01-20 00:00:00', 49),
(113, 'SZ-00113/2018', '2018-01-20 00:00:00', '2018-01-20 00:00:00', 38),
(114, 'SZ-00114/2018', '2018-01-20 00:00:00', '2018-01-20 00:00:00', 4),
(115, 'SZ-00115/2018', '2018-01-20 00:00:00', '2018-01-20 00:00:00', 10),
(116, 'SZ-00116/2018', '2018-01-20 00:00:00', '2018-01-20 00:00:00', 26),
(117, 'SZ-00117/2018', '2018-01-20 00:00:00', '2018-01-20 00:00:00', 96),
(118, 'SZ-00118/2018', '2018-01-20 00:00:00', '2018-01-20 00:00:00', 73),
(119, 'SZ-00119/2018', '2018-01-21 00:00:00', '2018-01-21 00:00:00', 74),
(120, 'SZ-00120/2018', '2018-01-21 00:00:00', '2018-01-21 00:00:00', 2),
(121, 'SZ-00121/2018', '2018-01-22 00:00:00', '2018-01-22 00:00:00', 89),
(122, 'SZ-00122/2018', '2018-01-22 00:00:00', '2018-01-22 00:00:00', 16),
(123, 'SZ-00123/2018', '2018-01-22 00:00:00', '2018-01-22 00:00:00', 6),
(124, 'SZ-00124/2018', '2018-01-22 00:00:00', '2018-01-22 00:00:00', 47),
(125, 'SZ-00125/2018', '2018-01-22 00:00:00', '2018-01-22 00:00:00', 63),
(126, 'SZ-00126/2018', '2018-01-22 00:00:00', '2018-01-22 00:00:00', 12),
(127, 'SZ-00127/2018', '2018-01-22 00:00:00', '2018-01-22 00:00:00', 20),
(128, 'SZ-00128/2018', '2018-01-22 00:00:00', '2018-01-22 00:00:00', 70),
(129, 'SZ-00129/2018', '2018-01-22 00:00:00', '2018-01-22 00:00:00', 53),
(130, 'SZ-00130/2018', '2018-01-23 00:00:00', '2018-01-23 00:00:00', 71),
(131, 'SZ-00131/2018', '2018-01-23 00:00:00', '2018-01-23 00:00:00', 86),
(132, 'SZ-00132/2018', '2018-01-23 00:00:00', '2018-01-23 00:00:00', 26),
(133, 'SZ-00133/2018', '2018-01-23 00:00:00', '2018-01-23 00:00:00', 40),
(134, 'SZ-00134/2018', '2018-01-23 00:00:00', '2018-01-23 00:00:00', 70),
(135, 'SZ-00135/2018', '2018-01-24 00:00:00', '2018-01-24 00:00:00', 65),
(136, 'SZ-00136/2018', '2018-01-24 00:00:00', '2018-01-24 00:00:00', 92),
(137, 'SZ-00137/2018', '2018-01-24 00:00:00', '2018-01-24 00:00:00', 96),
(138, 'SZ-00138/2018', '2018-01-24 00:00:00', '2018-01-24 00:00:00', 63),
(139, 'SZ-00139/2018', '2018-01-24 00:00:00', '2018-01-24 00:00:00', 37),
(140, 'SZ-00140/2018', '2018-01-24 00:00:00', '2018-01-24 00:00:00', 28),
(141, 'SZ-00141/2018', '2018-01-24 00:00:00', '2018-01-24 00:00:00', 12),
(142, 'SZ-00142/2018', '2018-01-24 00:00:00', '2018-01-24 00:00:00', 39),
(143, 'SZ-00143/2018', '2018-01-24 00:00:00', '2018-01-24 00:00:00', 15),
(144, 'SZ-00144/2018', '2018-01-24 00:00:00', '2018-01-24 00:00:00', 51),
(145, 'SZ-00145/2018', '2018-01-24 00:00:00', '2018-01-24 00:00:00', 42),
(146, 'SZ-00146/2018', '2018-01-24 00:00:00', '2018-01-24 00:00:00', 90),
(147, 'SZ-00147/2018', '2018-01-25 00:00:00', '2018-01-25 00:00:00', 18),
(148, 'SZ-00148/2018', '2018-01-25 00:00:00', '2018-01-25 00:00:00', 91),
(149, 'SZ-00149/2018', '2018-01-25 00:00:00', '2018-01-25 00:00:00', 76),
(150, 'SZ-00150/2018', '2018-01-25 00:00:00', '2018-01-25 00:00:00', 10),
(151, 'SZ-00151/2018', '2018-01-25 00:00:00', '2018-01-25 00:00:00', 84),
(152, 'SZ-00152/2018', '2018-01-25 00:00:00', '2018-01-25 00:00:00', 34),
(153, 'SZ-00153/2018', '2018-01-25 00:00:00', '2018-01-25 00:00:00', 14),
(154, 'SZ-00154/2018', '2018-01-25 00:00:00', '2018-01-25 00:00:00', 68),
(155, 'SZ-00155/2018', '2018-01-25 00:00:00', '2018-01-25 00:00:00', 19),
(156, 'SZ-00156/2018', '2018-01-25 00:00:00', '2018-01-25 00:00:00', 29),
(157, 'SZ-00157/2018', '2018-01-25 00:00:00', '2018-01-25 00:00:00', 90),
(158, 'SZ-00158/2018', '2018-01-25 00:00:00', '2018-01-25 00:00:00', 12),
(159, 'SZ-00159/2018', '2018-01-25 00:00:00', '2018-01-25 00:00:00', 16),
(160, 'SZ-00160/2018', '2018-01-25 00:00:00', '2018-01-25 00:00:00', 97),
(161, 'SZ-00161/2018', '2018-01-25 00:00:00', '2018-01-25 00:00:00', 40),
(162, 'SZ-00162/2018', '2018-01-25 00:00:00', '2018-01-25 00:00:00', 77),
(163, 'SZ-00163/2018', '2018-01-26 00:00:00', '2018-01-26 00:00:00', 54),
(164, 'SZ-00164/2018', '2018-01-26 00:00:00', '2018-01-26 00:00:00', 27),
(165, 'SZ-00165/2018', '2018-01-26 00:00:00', '2018-01-26 00:00:00', 98),
(166, 'SZ-00166/2018', '2018-01-26 00:00:00', '2018-01-26 00:00:00', 66),
(167, 'SZ-00167/2018', '2018-01-26 00:00:00', '2018-01-26 00:00:00', 93),
(168, 'SZ-00168/2018', '2018-01-27 00:00:00', '2018-01-27 00:00:00', 100),
(169, 'SZ-00169/2018', '2018-01-27 00:00:00', '2018-01-27 00:00:00', 38),
(170, 'SZ-00170/2018', '2018-01-27 00:00:00', '2018-01-27 00:00:00', 54),
(171, 'SZ-00171/2018', '2018-01-27 00:00:00', '2018-01-27 00:00:00', 66),
(172, 'SZ-00172/2018', '2018-01-27 00:00:00', '2018-01-27 00:00:00', 96),
(173, 'SZ-00173/2018', '2018-01-27 00:00:00', '2018-01-27 00:00:00', 96),
(174, 'SZ-00174/2018', '2018-01-27 00:00:00', '2018-01-27 00:00:00', 21),
(175, 'SZ-00175/2018', '2018-01-27 00:00:00', '2018-01-27 00:00:00', 100),
(176, 'SZ-00176/2018', '2018-01-27 00:00:00', '2018-01-27 00:00:00', 51),
(177, 'SZ-00177/2018', '2018-01-27 00:00:00', '2018-01-27 00:00:00', 3),
(178, 'SZ-00178/2018', '2018-01-27 00:00:00', '2018-01-27 00:00:00', 13),
(179, 'SZ-00179/2018', '2018-01-27 00:00:00', '2018-01-27 00:00:00', 59),
(180, 'SZ-00180/2018', '2018-01-27 00:00:00', '2018-01-27 00:00:00', 39),
(181, 'SZ-00181/2018', '2018-01-27 00:00:00', '2018-01-27 00:00:00', 80),
(182, 'SZ-00182/2018', '2018-01-27 00:00:00', '2018-01-27 00:00:00', 84),
(183, 'SZ-00183/2018', '2018-01-27 00:00:00', '2018-01-27 00:00:00', 9),
(184, 'SZ-00184/2018', '2018-01-27 00:00:00', '2018-01-27 00:00:00', 82),
(185, 'SZ-00185/2018', '2018-01-27 00:00:00', '2018-01-27 00:00:00', 71),
(186, 'SZ-00186/2018', '2018-01-27 00:00:00', '2018-01-27 00:00:00', 87),
(187, 'SZ-00187/2018', '2018-01-28 00:00:00', '2018-01-28 00:00:00', 40),
(188, 'SZ-00188/2018', '2018-01-28 00:00:00', '2018-01-28 00:00:00', 11),
(189, 'SZ-00189/2018', '2018-01-28 00:00:00', '2018-01-28 00:00:00', 40),
(190, 'SZ-00190/2018', '2018-01-28 00:00:00', '2018-01-28 00:00:00', 75),
(191, 'SZ-00191/2018', '2018-01-28 00:00:00', '2018-01-28 00:00:00', 2),
(192, 'SZ-00192/2018', '2018-01-28 00:00:00', '2018-01-28 00:00:00', 94),
(193, 'SZ-00193/2018', '2018-01-28 00:00:00', '2018-01-28 00:00:00', 54),
(194, 'SZ-00194/2018', '2018-01-29 00:00:00', '2018-01-29 00:00:00', 81),
(195, 'SZ-00195/2018', '2018-01-29 00:00:00', '2018-01-29 00:00:00', 50),
(196, 'SZ-00196/2018', '2018-01-29 00:00:00', '2018-01-29 00:00:00', 92),
(197, 'SZ-00197/2018', '2018-01-29 00:00:00', '2018-01-29 00:00:00', 45),
(198, 'SZ-00198/2018', '2018-01-30 00:00:00', '2018-01-30 00:00:00', 36),
(199, 'SZ-00199/2018', '2018-01-31 00:00:00', '2018-01-31 00:00:00', 68),
(200, 'SZ-00200/2018', '2018-01-31 00:00:00', '2018-01-31 00:00:00', 5);

-- --------------------------------------------------------

--
-- Tábla szerkezet ehhez a táblához `szamlatetel`
--

CREATE TABLE `szamlatetel` (
  `id` int(11) NOT NULL,
  `szamlafejid` int(11) NOT NULL,
  `termekid` int(11) NOT NULL,
  `mennyiseg` int(11) NOT NULL,
  `mennyisegiegyseg` varchar(20) NOT NULL,
  `bruttoegysegar` decimal(10,0) NOT NULL,
  `afaszazalek` int(11) NOT NULL
) ENGINE=InnoDB DEFAULT CHARSET=utf8mb4 COLLATE=utf8mb4_general_ci;

--
-- A tábla adatainak kiíratása `szamlatetel`
--

INSERT INTO `szamlatetel` (`id`, `szamlafejid`, `termekid`, `mennyiseg`, `mennyisegiegyseg`, `bruttoegysegar`, `afaszazalek`) VALUES
(1, 1, 17, 1, 'db', 9800, 27),
(2, 1, 19, 2, 'db', 19900, 27),
(3, 2, 13, 2, 'db', 3000, 27),
(4, 3, 1, 4, 'db', 3000, 27),
(5, 3, 3, 4, 'db', 10000, 27),
(6, 3, 4, 5, 'db', 3500, 27),
(7, 3, 6, 3, 'db', 6250, 27),
(8, 3, 10, 5, 'db', 2500, 27),
(9, 3, 12, 7, 'db', 1500, 27),
(10, 3, 16, 1, 'db', 1500, 27),
(11, 3, 17, 1, 'db', 9800, 27),
(12, 4, 3, 3, 'db', 10000, 27),
(13, 4, 6, 2, 'db', 6250, 27),
(14, 4, 7, 1, 'db', 7500, 27),
(15, 4, 8, 2, 'db', 8200, 27),
(16, 4, 14, 3, 'db', 5500, 27),
(17, 4, 20, 1, 'db', 600, 27),
(18, 5, 17, 2, 'db', 9800, 27),
(19, 6, 6, 1, 'db', 6250, 27),
(20, 6, 20, 1, 'db', 600, 27),
(21, 7, 6, 1, 'db', 6250, 27),
(22, 7, 9, 2, 'db', 1200, 27),
(23, 8, 4, 4, 'db', 3500, 27),
(24, 8, 19, 3, 'db', 19900, 27),
(25, 9, 2, 1, 'db', 14500, 27),
(26, 9, 6, 5, 'db', 6250, 27),
(27, 9, 10, 1, 'db', 2500, 27),
(28, 9, 11, 1, 'db', 2500, 27),
(29, 9, 20, 2, 'db', 600, 27),
(30, 10, 8, 2, 'db', 8200, 27),
(31, 10, 13, 3, 'db', 3000, 27),
(32, 10, 15, 2, 'db', 6000, 27),
(33, 10, 17, 1, 'db', 9800, 27),
(34, 11, 4, 5, 'db', 3500, 27),
(35, 12, 2, 1, 'db', 14500, 27),
(36, 12, 6, 1, 'db', 6250, 27),
(37, 13, 2, 1, 'db', 14500, 27),
(38, 13, 4, 3, 'db', 3500, 27),
(39, 13, 5, 10, 'db', 4000, 27),
(40, 13, 9, 4, 'db', 1200, 27),
(41, 13, 11, 1, 'db', 2500, 27),
(42, 13, 15, 3, 'db', 6000, 27),
(43, 13, 17, 1, 'db', 9800, 27),
(44, 13, 20, 6, 'db', 600, 27),
(45, 14, 14, 1, 'db', 5500, 27),
(46, 14, 20, 5, 'db', 600, 27),
(47, 15, 1, 4, 'db', 3000, 27),
(48, 15, 4, 1, 'db', 3500, 27),
(49, 15, 8, 1, 'db', 8200, 27),
(50, 15, 11, 1, 'db', 2500, 27),
(51, 15, 15, 3, 'db', 6000, 27),
(52, 16, 5, 5, 'db', 4000, 27),
(53, 16, 9, 2, 'db', 1200, 27),
(54, 16, 12, 7, 'db', 1500, 27),
(55, 16, 19, 1, 'db', 19900, 27),
(56, 17, 7, 2, 'db', 7500, 27),
(57, 17, 14, 1, 'db', 5500, 27),
(58, 18, 15, 2, 'db', 6000, 27),
(59, 18, 18, 2, 'db', 3500, 27),
(60, 18, 19, 3, 'db', 19900, 27),
(61, 19, 16, 1, 'db', 1500, 27),
(62, 20, 2, 2, 'db', 14500, 27),
(63, 20, 11, 3, 'db', 2500, 27),
(64, 21, 3, 1, 'db', 10000, 27),
(65, 21, 5, 1, 'db', 4000, 27),
(66, 21, 6, 1, 'db', 6250, 27),
(67, 21, 10, 3, 'db', 2500, 27),
(68, 21, 11, 1, 'db', 2500, 27),
(69, 21, 14, 1, 'db', 5500, 27),
(70, 22, 13, 3, 'db', 3000, 27),
(71, 22, 20, 1, 'db', 600, 27),
(72, 23, 3, 1, 'db', 10000, 27),
(73, 23, 7, 1, 'db', 7500, 27),
(74, 23, 15, 1, 'db', 6000, 27),
(75, 24, 3, 1, 'db', 10000, 27),
(76, 25, 6, 1, 'db', 6250, 27),
(77, 26, 3, 1, 'db', 10000, 27),
(78, 26, 7, 1, 'db', 7500, 27),
(79, 26, 8, 1, 'db', 8200, 27),
(80, 26, 14, 1, 'db', 5500, 27),
(81, 27, 9, 2, 'db', 1200, 27),
(82, 27, 18, 1, 'db', 3500, 27),
(83, 28, 2, 2, 'db', 14500, 27),
(84, 28, 10, 4, 'db', 2500, 27),
(85, 29, 3, 2, 'db', 10000, 27),
(86, 29, 4, 2, 'db', 3500, 27),
(87, 29, 8, 4, 'db', 8200, 27),
(88, 29, 12, 1, 'db', 1500, 27),
(89, 29, 18, 1, 'db', 3500, 27),
(90, 29, 19, 3, 'db', 19900, 27),
(91, 29, 20, 5, 'db', 600, 27),
(92, 30, 10, 2, 'db', 2500, 27),
(93, 30, 15, 3, 'db', 6000, 27),
(94, 31, 2, 2, 'db', 14500, 27),
(95, 31, 4, 3, 'db', 3500, 27),
(96, 31, 9, 2, 'db', 1200, 27),
(97, 31, 14, 4, 'db', 5500, 27),
(98, 32, 5, 4, 'db', 4000, 27),
(99, 32, 8, 2, 'db', 8200, 27),
(100, 32, 11, 4, 'db', 2500, 27),
(101, 32, 13, 1, 'db', 3000, 27),
(102, 32, 16, 4, 'db', 1500, 27),
(103, 33, 9, 1, 'db', 1200, 27),
(104, 33, 16, 6, 'db', 1500, 27),
(105, 34, 13, 2, 'db', 3000, 27),
(106, 35, 1, 3, 'db', 3000, 27),
(107, 35, 3, 1, 'db', 10000, 27),
(108, 35, 5, 9, 'db', 4000, 27),
(109, 35, 6, 2, 'db', 6250, 27),
(110, 35, 10, 5, 'db', 2500, 27),
(111, 35, 13, 1, 'db', 3000, 27),
(112, 35, 14, 1, 'db', 5500, 27),
(113, 35, 17, 2, 'db', 9800, 27),
(114, 35, 18, 1, 'db', 3500, 27),
(115, 35, 19, 2, 'db', 19900, 27),
(116, 35, 20, 4, 'db', 600, 27),
(117, 36, 6, 1, 'db', 6250, 27),
(118, 36, 9, 3, 'db', 1200, 27),
(119, 36, 10, 1, 'db', 2500, 27),
(120, 36, 16, 3, 'db', 1500, 27),
(121, 37, 11, 3, 'db', 2500, 27),
(122, 38, 8, 1, 'db', 8200, 27),
(123, 38, 11, 1, 'db', 2500, 27),
(124, 39, 8, 2, 'db', 8200, 27),
(125, 40, 1, 3, 'db', 3000, 27),
(126, 40, 2, 3, 'db', 14500, 27),
(127, 40, 5, 5, 'db', 4000, 27),
(128, 40, 6, 1, 'db', 6250, 27),
(129, 40, 9, 3, 'db', 1200, 27),
(130, 40, 10, 1, 'db', 2500, 27),
(131, 40, 12, 5, 'db', 1500, 27),
(132, 40, 19, 6, 'db', 19900, 27),
(133, 41, 3, 1, 'db', 10000, 27),
(134, 41, 6, 2, 'db', 6250, 27),
(135, 41, 17, 2, 'db', 9800, 27),
(136, 41, 18, 3, 'db', 3500, 27),
(137, 42, 3, 1, 'db', 10000, 27),
(138, 43, 4, 7, 'db', 3500, 27),
(139, 43, 8, 2, 'db', 8200, 27),
(140, 43, 10, 1, 'db', 2500, 27),
(141, 43, 14, 1, 'db', 5500, 27),
(142, 44, 2, 1, 'db', 14500, 27),
(143, 44, 18, 1, 'db', 3500, 27),
(144, 45, 2, 2, 'db', 14500, 27),
(145, 45, 8, 2, 'db', 8200, 27),
(146, 46, 1, 2, 'db', 3000, 27),
(147, 46, 3, 1, 'db', 10000, 27),
(148, 46, 5, 2, 'db', 4000, 27),
(149, 46, 10, 3, 'db', 2500, 27),
(150, 46, 11, 6, 'db', 2500, 27),
(151, 46, 12, 8, 'db', 1500, 27),
(152, 47, 4, 2, 'db', 3500, 27),
(153, 47, 6, 2, 'db', 6250, 27),
(154, 47, 9, 3, 'db', 1200, 27),
(155, 47, 16, 2, 'db', 1500, 27),
(156, 47, 20, 6, 'db', 600, 27),
(157, 48, 10, 2, 'db', 2500, 27),
(158, 49, 4, 1, 'db', 3500, 27),
(159, 49, 10, 1, 'db', 2500, 27),
(160, 49, 11, 1, 'db', 2500, 27),
(161, 49, 16, 1, 'db', 1500, 27),
(162, 49, 17, 1, 'db', 9800, 27),
(163, 50, 15, 3, 'db', 6000, 27),
(164, 51, 12, 7, 'db', 1500, 27),
(165, 52, 3, 1, 'db', 10000, 27),
(166, 52, 4, 1, 'db', 3500, 27),
(167, 53, 2, 1, 'db', 14500, 27),
(168, 53, 6, 1, 'db', 6250, 27),
(169, 53, 8, 1, 'db', 8200, 27),
(170, 53, 17, 1, 'db', 9800, 27),
(171, 54, 5, 2, 'db', 4000, 27),
(172, 54, 7, 1, 'db', 7500, 27),
(173, 54, 8, 2, 'db', 8200, 27),
(174, 54, 9, 4, 'db', 1200, 27),
(175, 54, 10, 2, 'db', 2500, 27),
(176, 55, 5, 1, 'db', 4000, 27),
(177, 56, 6, 1, 'db', 6250, 27),
(178, 57, 4, 5, 'db', 3500, 27),
(179, 57, 17, 1, 'db', 9800, 27),
(180, 58, 1, 4, 'db', 3000, 27),
(181, 58, 4, 4, 'db', 3500, 27),
(182, 58, 5, 2, 'db', 4000, 27),
(183, 58, 6, 1, 'db', 6250, 27),
(184, 58, 7, 1, 'db', 7500, 27),
(185, 58, 8, 2, 'db', 8200, 27),
(186, 58, 12, 4, 'db', 1500, 27),
(187, 58, 13, 1, 'db', 3000, 27),
(188, 58, 14, 2, 'db', 5500, 27),
(189, 58, 16, 3, 'db', 1500, 27),
(190, 59, 1, 4, 'db', 3000, 27),
(191, 59, 6, 2, 'db', 6250, 27),
(192, 59, 10, 3, 'db', 2500, 27),
(193, 59, 19, 2, 'db', 19900, 27),
(194, 60, 9, 2, 'db', 1200, 27),
(195, 60, 10, 4, 'db', 2500, 27),
(196, 60, 20, 1, 'db', 600, 27),
(197, 61, 17, 1, 'db', 9800, 27),
(198, 61, 20, 4, 'db', 600, 27),
(199, 62, 14, 2, 'db', 5500, 27),
(200, 62, 20, 1, 'db', 600, 27),
(201, 63, 5, 5, 'db', 4000, 27),
(202, 64, 5, 5, 'db', 4000, 27),
(203, 64, 14, 2, 'db', 5500, 27),
(204, 65, 4, 4, 'db', 3500, 27),
(205, 65, 9, 2, 'db', 1200, 27),
(206, 66, 8, 1, 'db', 8200, 27),
(207, 66, 15, 4, 'db', 6000, 27),
(208, 66, 16, 1, 'db', 1500, 27),
(209, 66, 17, 1, 'db', 9800, 27),
(210, 67, 11, 1, 'db', 2500, 27),
(211, 68, 9, 4, 'db', 1200, 27),
(212, 68, 11, 4, 'db', 2500, 27),
(213, 69, 2, 1, 'db', 14500, 27),
(214, 69, 9, 3, 'db', 1200, 27),
(215, 70, 11, 3, 'db', 2500, 27),
(216, 70, 14, 1, 'db', 5500, 27),
(217, 70, 17, 2, 'db', 9800, 27),
(218, 71, 7, 1, 'db', 7500, 27),
(219, 71, 8, 1, 'db', 8200, 27),
(220, 71, 11, 1, 'db', 2500, 27),
(221, 71, 12, 9, 'db', 1500, 27),
(222, 72, 2, 1, 'db', 14500, 27),
(223, 72, 13, 1, 'db', 3000, 27),
(224, 73, 4, 5, 'db', 3500, 27),
(225, 73, 8, 2, 'db', 8200, 27),
(226, 73, 13, 1, 'db', 3000, 27),
(227, 73, 20, 2, 'db', 600, 27),
(228, 74, 13, 1, 'db', 3000, 27),
(229, 75, 7, 2, 'db', 7500, 27),
(230, 75, 9, 3, 'db', 1200, 27),
(231, 75, 11, 3, 'db', 2500, 27),
(232, 76, 4, 3, 'db', 3500, 27),
(233, 76, 7, 1, 'db', 7500, 27),
(234, 76, 11, 1, 'db', 2500, 27),
(235, 76, 13, 2, 'db', 3000, 27),
(236, 76, 17, 1, 'db', 9800, 27),
(237, 77, 3, 1, 'db', 10000, 27),
(238, 77, 15, 1, 'db', 6000, 27),
(239, 78, 4, 4, 'db', 3500, 27),
(240, 78, 9, 4, 'db', 1200, 27),
(241, 78, 13, 2, 'db', 3000, 27),
(242, 78, 18, 1, 'db', 3500, 27),
(243, 79, 2, 1, 'db', 14500, 27),
(244, 79, 3, 1, 'db', 10000, 27),
(245, 79, 12, 8, 'db', 1500, 27),
(246, 79, 13, 3, 'db', 3000, 27),
(247, 79, 19, 2, 'db', 19900, 27),
(248, 80, 4, 2, 'db', 3500, 27),
(249, 80, 6, 2, 'db', 6250, 27),
(250, 80, 14, 2, 'db', 5500, 27),
(251, 80, 16, 3, 'db', 1500, 27),
(252, 80, 17, 2, 'db', 9800, 27),
(253, 81, 11, 1, 'db', 2500, 27),
(254, 81, 12, 8, 'db', 1500, 27),
(255, 81, 18, 1, 'db', 3500, 27),
(256, 82, 3, 2, 'db', 10000, 27),
(257, 83, 3, 2, 'db', 10000, 27),
(258, 84, 7, 1, 'db', 7500, 27),
(259, 85, 6, 1, 'db', 6250, 27),
(260, 86, 3, 2, 'db', 10000, 27),
(261, 86, 7, 2, 'db', 7500, 27),
(262, 86, 16, 1, 'db', 1500, 27),
(263, 86, 18, 1, 'db', 3500, 27),
(264, 87, 4, 4, 'db', 3500, 27),
(265, 88, 2, 1, 'db', 14500, 27),
(266, 88, 8, 1, 'db', 8200, 27),
(267, 88, 10, 2, 'db', 2500, 27),
(268, 88, 13, 2, 'db', 3000, 27),
(269, 89, 19, 1, 'db', 19900, 27),
(270, 90, 1, 3, 'db', 3000, 27),
(271, 90, 10, 4, 'db', 2500, 27),
(272, 90, 12, 2, 'db', 1500, 27),
(273, 90, 14, 2, 'db', 5500, 27),
(274, 90, 18, 1, 'db', 3500, 27),
(275, 90, 19, 4, 'db', 19900, 27),
(276, 90, 20, 2, 'db', 600, 27),
(277, 91, 5, 5, 'db', 4000, 27),
(278, 92, 13, 3, 'db', 3000, 27),
(279, 92, 15, 2, 'db', 6000, 27),
(280, 93, 1, 2, 'db', 3000, 27),
(281, 93, 6, 1, 'db', 6250, 27),
(282, 93, 11, 2, 'db', 2500, 27),
(283, 93, 16, 1, 'db', 1500, 27),
(284, 93, 20, 2, 'db', 600, 27),
(285, 94, 10, 1, 'db', 2500, 27),
(286, 94, 12, 4, 'db', 1500, 27),
(287, 95, 18, 2, 'db', 3500, 27),
(288, 96, 2, 1, 'db', 14500, 27),
(289, 96, 18, 1, 'db', 3500, 27),
(290, 97, 8, 2, 'db', 8200, 27),
(291, 97, 9, 3, 'db', 1200, 27),
(292, 97, 17, 2, 'db', 9800, 27),
(293, 98, 1, 4, 'db', 3000, 27),
(294, 98, 3, 2, 'db', 10000, 27),
(295, 98, 5, 4, 'db', 4000, 27),
(296, 98, 6, 2, 'db', 6250, 27),
(297, 98, 9, 2, 'db', 1200, 27),
(298, 98, 10, 3, 'db', 2500, 27),
(299, 98, 13, 3, 'db', 3000, 27),
(300, 98, 15, 1, 'db', 6000, 27),
(301, 98, 16, 1, 'db', 1500, 27),
(302, 98, 18, 5, 'db', 3500, 27),
(303, 98, 19, 1, 'db', 19900, 27),
(304, 99, 3, 1, 'db', 10000, 27),
(305, 99, 14, 2, 'db', 5500, 27),
(306, 100, 6, 2, 'db', 6250, 27),
(307, 100, 7, 1, 'db', 7500, 27),
(308, 101, 3, 2, 'db', 10000, 27),
(309, 101, 11, 5, 'db', 2500, 27),
(310, 101, 14, 2, 'db', 5500, 27),
(311, 102, 6, 2, 'db', 6250, 27),
(312, 102, 7, 1, 'db', 7500, 27),
(313, 102, 8, 2, 'db', 8200, 27),
(314, 102, 11, 4, 'db', 2500, 27),
(315, 102, 13, 1, 'db', 3000, 27),
(316, 102, 15, 3, 'db', 6000, 27),
(317, 102, 16, 1, 'db', 1500, 27),
(318, 103, 3, 1, 'db', 10000, 27),
(319, 103, 19, 2, 'db', 19900, 27),
(320, 104, 9, 1, 'db', 1200, 27),
(321, 104, 10, 4, 'db', 2500, 27),
(322, 104, 12, 6, 'db', 1500, 27),
(323, 104, 14, 3, 'db', 5500, 27),
(324, 104, 19, 1, 'db', 19900, 27),
(325, 105, 3, 4, 'db', 10000, 27),
(326, 105, 5, 2, 'db', 4000, 27),
(327, 105, 9, 2, 'db', 1200, 27),
(328, 105, 13, 3, 'db', 3000, 27),
(329, 105, 15, 3, 'db', 6000, 27),
(330, 106, 2, 2, 'db', 14500, 27),
(331, 106, 11, 8, 'db', 2500, 27),
(332, 106, 13, 2, 'db', 3000, 27),
(333, 106, 17, 1, 'db', 9800, 27),
(334, 107, 6, 2, 'db', 6250, 27),
(335, 107, 8, 2, 'db', 8200, 27),
(336, 107, 17, 1, 'db', 9800, 27),
(337, 107, 20, 5, 'db', 600, 27),
(338, 108, 2, 1, 'db', 14500, 27),
(339, 108, 8, 1, 'db', 8200, 27),
(340, 108, 14, 1, 'db', 5500, 27),
(341, 108, 17, 1, 'db', 9800, 27),
(342, 109, 5, 5, 'db', 4000, 27),
(343, 110, 2, 1, 'db', 14500, 27),
(344, 110, 19, 2, 'db', 19900, 27),
(345, 111, 2, 1, 'db', 14500, 27),
(346, 111, 7, 1, 'db', 7500, 27),
(347, 111, 8, 1, 'db', 8200, 27),
(348, 111, 17, 2, 'db', 9800, 27),
(349, 112, 7, 2, 'db', 7500, 27),
(350, 112, 8, 1, 'db', 8200, 27),
(351, 112, 18, 3, 'db', 3500, 27),
(352, 112, 20, 5, 'db', 600, 27),
(353, 113, 8, 1, 'db', 8200, 27),
(354, 114, 16, 3, 'db', 1500, 27),
(355, 115, 13, 2, 'db', 3000, 27),
(356, 116, 1, 4, 'db', 3000, 27),
(357, 116, 9, 3, 'db', 1200, 27),
(358, 116, 11, 3, 'db', 2500, 27),
(359, 117, 4, 2, 'db', 3500, 27),
(360, 117, 5, 3, 'db', 4000, 27),
(361, 117, 9, 2, 'db', 1200, 27),
(362, 118, 2, 1, 'db', 14500, 27),
(363, 118, 4, 5, 'db', 3500, 27),
(364, 118, 10, 5, 'db', 2500, 27),
(365, 118, 15, 2, 'db', 6000, 27),
(366, 118, 19, 2, 'db', 19900, 27),
(367, 119, 13, 1, 'db', 3000, 27),
(368, 120, 13, 3, 'db', 3000, 27),
(369, 120, 17, 1, 'db', 9800, 27),
(370, 120, 19, 3, 'db', 19900, 27),
(371, 121, 3, 1, 'db', 10000, 27),
(372, 121, 5, 5, 'db', 4000, 27),
(373, 121, 7, 2, 'db', 7500, 27),
(374, 121, 8, 1, 'db', 8200, 27),
(375, 121, 15, 1, 'db', 6000, 27),
(376, 121, 16, 1, 'db', 1500, 27),
(377, 122, 3, 1, 'db', 10000, 27),
(378, 122, 15, 2, 'db', 6000, 27),
(379, 122, 16, 1, 'db', 1500, 27),
(380, 123, 8, 2, 'db', 8200, 27),
(381, 124, 1, 4, 'db', 3000, 27),
(382, 124, 6, 1, 'db', 6250, 27),
(383, 124, 17, 2, 'db', 9800, 27),
(384, 125, 5, 3, 'db', 4000, 27),
(385, 125, 15, 2, 'db', 6000, 27),
(386, 126, 16, 4, 'db', 1500, 27),
(387, 127, 1, 1, 'db', 3000, 27),
(388, 127, 3, 1, 'db', 10000, 27),
(389, 127, 4, 7, 'db', 3500, 27),
(390, 128, 15, 1, 'db', 6000, 27),
(391, 129, 20, 1, 'db', 600, 27),
(392, 130, 2, 2, 'db', 14500, 27),
(393, 131, 4, 3, 'db', 3500, 27),
(394, 131, 13, 2, 'db', 3000, 27),
(395, 131, 17, 1, 'db', 9800, 27),
(396, 131, 19, 2, 'db', 19900, 27),
(397, 132, 17, 2, 'db', 9800, 27),
(398, 133, 16, 1, 'db', 1500, 27),
(399, 134, 11, 3, 'db', 2500, 27),
(400, 134, 16, 4, 'db', 1500, 27),
(401, 135, 15, 2, 'db', 6000, 27),
(402, 136, 3, 1, 'db', 10000, 27),
(403, 136, 6, 1, 'db', 6250, 27),
(404, 136, 11, 3, 'db', 2500, 27),
(405, 136, 13, 3, 'db', 3000, 27),
(406, 136, 14, 2, 'db', 5500, 27),
(407, 136, 18, 1, 'db', 3500, 27),
(408, 136, 19, 3, 'db', 19900, 27),
(409, 136, 20, 2, 'db', 600, 27),
(410, 137, 8, 1, 'db', 8200, 27),
(411, 137, 10, 2, 'db', 2500, 27),
(412, 138, 2, 1, 'db', 14500, 27),
(413, 138, 4, 4, 'db', 3500, 27),
(414, 138, 6, 1, 'db', 6250, 27),
(415, 138, 7, 1, 'db', 7500, 27),
(416, 138, 8, 1, 'db', 8200, 27),
(417, 139, 18, 2, 'db', 3500, 27),
(418, 140, 9, 3, 'db', 1200, 27),
(419, 141, 1, 2, 'db', 3000, 27),
(420, 141, 3, 1, 'db', 10000, 27),
(421, 141, 5, 2, 'db', 4000, 27),
(422, 141, 8, 2, 'db', 8200, 27),
(423, 142, 16, 1, 'db', 1500, 27),
(424, 143, 2, 2, 'db', 14500, 27),
(425, 143, 9, 4, 'db', 1200, 27),
(426, 144, 3, 2, 'db', 10000, 27),
(427, 144, 9, 4, 'db', 1200, 27),
(428, 144, 14, 5, 'db', 5500, 27),
(429, 145, 14, 2, 'db', 5500, 27),
(430, 146, 3, 1, 'db', 10000, 27),
(431, 146, 7, 2, 'db', 7500, 27),
(432, 146, 8, 1, 'db', 8200, 27),
(433, 146, 12, 14, 'db', 1500, 27),
(434, 146, 13, 2, 'db', 3000, 27),
(435, 146, 18, 2, 'db', 3500, 27),
(436, 146, 20, 4, 'db', 600, 27),
(437, 147, 7, 2, 'db', 7500, 27),
(438, 147, 9, 2, 'db', 1200, 27),
(439, 147, 10, 4, 'db', 2500, 27),
(440, 147, 12, 1, 'db', 1500, 27),
(441, 147, 20, 5, 'db', 600, 27),
(442, 148, 3, 1, 'db', 10000, 27),
(443, 148, 16, 1, 'db', 1500, 27),
(444, 149, 14, 2, 'db', 5500, 27),
(445, 150, 1, 6, 'db', 3000, 27),
(446, 150, 2, 1, 'db', 14500, 27),
(447, 150, 4, 1, 'db', 3500, 27),
(448, 150, 5, 2, 'db', 4000, 27),
(449, 150, 9, 4, 'db', 1200, 27),
(450, 150, 11, 4, 'db', 2500, 27),
(451, 150, 12, 8, 'db', 1500, 27),
(452, 150, 15, 2, 'db', 6000, 27),
(453, 150, 16, 2, 'db', 1500, 27),
(454, 150, 18, 2, 'db', 3500, 27),
(455, 150, 19, 1, 'db', 19900, 27),
(456, 151, 3, 1, 'db', 10000, 27),
(457, 151, 13, 3, 'db', 3000, 27),
(458, 152, 18, 1, 'db', 3500, 27),
(459, 153, 5, 5, 'db', 4000, 27),
(460, 153, 6, 2, 'db', 6250, 27),
(461, 153, 10, 1, 'db', 2500, 27),
(462, 153, 15, 3, 'db', 6000, 27),
(463, 153, 18, 1, 'db', 3500, 27),
(464, 154, 1, 1, 'db', 3000, 27),
(465, 155, 17, 2, 'db', 9800, 27),
(466, 156, 11, 4, 'db', 2500, 27),
(467, 157, 20, 2, 'db', 600, 27),
(468, 158, 3, 2, 'db', 10000, 27),
(469, 158, 13, 2, 'db', 3000, 27),
(470, 159, 1, 3, 'db', 3000, 27),
(471, 159, 19, 6, 'db', 19900, 27),
(472, 160, 5, 4, 'db', 4000, 27),
(473, 161, 8, 2, 'db', 8200, 27),
(474, 161, 9, 1, 'db', 1200, 27),
(475, 162, 2, 2, 'db', 14500, 27),
(476, 162, 8, 3, 'db', 8200, 27),
(477, 162, 11, 2, 'db', 2500, 27),
(478, 163, 1, 2, 'db', 3000, 27),
(479, 163, 20, 1, 'db', 600, 27),
(480, 164, 13, 2, 'db', 3000, 27),
(481, 165, 9, 4, 'db', 1200, 27),
(482, 166, 3, 2, 'db', 10000, 27),
(483, 166, 9, 1, 'db', 1200, 27),
(484, 166, 12, 2, 'db', 1500, 27),
(485, 167, 2, 2, 'db', 14500, 27),
(486, 167, 3, 2, 'db', 10000, 27),
(487, 167, 11, 1, 'db', 2500, 27),
(488, 167, 17, 5, 'db', 9800, 27),
(489, 167, 19, 2, 'db', 19900, 27),
(490, 168, 4, 4, 'db', 3500, 27),
(491, 168, 9, 4, 'db', 1200, 27),
(492, 168, 11, 1, 'db', 2500, 27),
(493, 168, 15, 2, 'db', 6000, 27),
(494, 168, 17, 2, 'db', 9800, 27),
(495, 169, 10, 1, 'db', 2500, 27),
(496, 170, 17, 1, 'db', 9800, 27),
(497, 171, 6, 2, 'db', 6250, 27),
(498, 171, 8, 2, 'db', 8200, 27),
(499, 171, 17, 2, 'db', 9800, 27),
(500, 172, 2, 1, 'db', 14500, 27),
(501, 172, 4, 3, 'db', 3500, 27),
(502, 172, 6, 1, 'db', 6250, 27),
(503, 173, 6, 1, 'db', 6250, 27),
(504, 174, 3, 2, 'db', 10000, 27),
(505, 174, 11, 4, 'db', 2500, 27),
(506, 174, 13, 2, 'db', 3000, 27),
(507, 174, 16, 1, 'db', 1500, 27),
(508, 175, 4, 3, 'db', 3500, 27),
(509, 175, 5, 3, 'db', 4000, 27),
(510, 175, 6, 2, 'db', 6250, 27),
(511, 175, 10, 4, 'db', 2500, 27),
(512, 175, 15, 3, 'db', 6000, 27),
(513, 176, 6, 2, 'db', 6250, 27),
(514, 176, 7, 2, 'db', 7500, 27),
(515, 176, 12, 2, 'db', 1500, 27),
(516, 177, 2, 2, 'db', 14500, 27),
(517, 177, 11, 4, 'db', 2500, 27),
(518, 177, 13, 3, 'db', 3000, 27),
(519, 177, 18, 2, 'db', 3500, 27),
(520, 177, 19, 1, 'db', 19900, 27),
(521, 178, 2, 1, 'db', 14500, 27),
(522, 178, 9, 3, 'db', 1200, 27),
(523, 179, 15, 1, 'db', 6000, 27),
(524, 180, 3, 1, 'db', 10000, 27),
(525, 181, 7, 2, 'db', 7500, 27),
(526, 181, 10, 3, 'db', 2500, 27),
(527, 182, 2, 2, 'db', 14500, 27),
(528, 182, 4, 4, 'db', 3500, 27),
(529, 182, 9, 3, 'db', 1200, 27),
(530, 182, 19, 2, 'db', 19900, 27),
(531, 182, 20, 3, 'db', 600, 27),
(532, 183, 1, 4, 'db', 3000, 27),
(533, 184, 13, 1, 'db', 3000, 27),
(534, 185, 3, 1, 'db', 10000, 27),
(535, 185, 9, 3, 'db', 1200, 27),
(536, 185, 12, 8, 'db', 1500, 27),
(537, 185, 17, 2, 'db', 9800, 27),
(538, 186, 7, 1, 'db', 7500, 27),
(539, 186, 9, 2, 'db', 1200, 27),
(540, 186, 15, 2, 'db', 6000, 27),
(541, 187, 7, 1, 'db', 7500, 27),
(542, 187, 11, 1, 'db', 2500, 27),
(543, 188, 1, 3, 'db', 3000, 27),
(544, 188, 11, 1, 'db', 2500, 27),
(545, 189, 1, 4, 'db', 3000, 27),
(546, 189, 7, 1, 'db', 7500, 27),
(547, 189, 11, 6, 'db', 2500, 27),
(548, 189, 13, 1, 'db', 3000, 27),
(549, 189, 16, 2, 'db', 1500, 27),
(550, 190, 16, 3, 'db', 1500, 27),
(551, 190, 17, 1, 'db', 9800, 27),
(552, 191, 11, 3, 'db', 2500, 27),
(553, 191, 13, 1, 'db', 3000, 27),
(554, 192, 2, 2, 'db', 14500, 27),
(555, 192, 17, 1, 'db', 9800, 27),
(556, 193, 12, 6, 'db', 1500, 27),
(557, 194, 16, 3, 'db', 1500, 27),
(558, 195, 4, 1, 'db', 3500, 27),
(559, 195, 13, 2, 'db', 3000, 27),
(560, 195, 17, 2, 'db', 9800, 27),
(561, 195, 19, 3, 'db', 19900, 27),
(562, 196, 6, 3, 'db', 6250, 27),
(563, 196, 20, 3, 'db', 600, 27),
(564, 197, 6, 1, 'db', 6250, 27),
(565, 198, 3, 2, 'db', 10000, 27),
(566, 198, 12, 2, 'db', 1500, 27),
(567, 198, 18, 1, 'db', 3500, 27),
(568, 199, 15, 1, 'db', 6000, 27),
(569, 199, 20, 5, 'db', 600, 27),
(570, 200, 1, 2, 'db', 3000, 27),
(571, 200, 9, 1, 'db', 1200, 27);

-- --------------------------------------------------------

--
-- Tábla szerkezet ehhez a táblához `termekek`
--

CREATE TABLE `termekek` (
  `id` int(11) NOT NULL,
  `megnevezes` varchar(40) NOT NULL,
  `ar` decimal(10,0) DEFAULT NULL
) ENGINE=InnoDB DEFAULT CHARSET=utf8mb4 COLLATE=utf8mb4_general_ci;

--
-- A tábla adatainak kiíratása `termekek`
--

INSERT INTO `termekek` (`id`, `megnevezes`, `ar`) VALUES
(1, 'Póló', 3000),
(2, 'Szabadidő felső', 14500),
(3, 'Vásárlási utalvány', 10000),
(4, 'Sál', 3500),
(5, 'Galléros póló', 4000),
(6, 'Szabadidő alsó', 6250),
(7, 'Hátizsák', 7500),
(8, 'Táska', 8200),
(9, 'Kulacs', 1200),
(10, 'Korsó', 2500),
(11, 'Bögre', 2500),
(12, 'Kulcstartó', 1500),
(13, 'Téli sapka', 3000),
(14, 'Baseball sapka', 5500),
(15, 'Törölköző', 6000),
(16, 'Hűtőmágnes', 1500),
(17, 'Kapucnis pulóver', 9800),
(18, 'Esernyő', 3500),
(19, 'Hivatalos mez', 19900),
(20, 'Sörnyitó', 600);

-- --------------------------------------------------------

--
-- Tábla szerkezet ehhez a táblához `vevok`
--

CREATE TABLE `vevok` (
  `id` int(11) NOT NULL,
  `nev` varchar(100) NOT NULL,
  `iranyitoszam` varchar(4) DEFAULT NULL,
  `telepules` varchar(50) DEFAULT NULL,
  `utcahazszam` varchar(100) DEFAULT NULL
) ENGINE=InnoDB DEFAULT CHARSET=utf8mb4 COLLATE=utf8mb4_general_ci;

--
-- A tábla adatainak kiíratása `vevok`
--

INSERT INTO `vevok` (`id`, `nev`, `iranyitoszam`, `telepules`, `utcahazszam`) VALUES
(1, 'Varga Csaba', '8100', 'Várpalota', 'Móricz Zsigmond utca 2.'),
(2, 'Takács László', '2370', 'Dabas', 'Berzsenyi Dániel utca 32.'),
(3, 'Horváth Lajos', '7621', 'Pécs', 'Március 15. utca 62.'),
(4, 'Török Anikó', '6100', 'Kiskunfélegyháza', 'Bem József utca 98.'),
(5, 'Tóth Viktória', '2840', 'Oroszlány', 'Vörösmarty Mihály utca 93.'),
(6, 'Kovács János', '2013', 'Pomáz', 'Pöltenberg Ernő utca 78.'),
(7, 'Török Krisztián', '2120', 'Dunakeszi', 'Puskás Ferenc utca 11.'),
(8, 'Kelemen Éva', '5300', 'Karcag', 'Czuczor Gergely utca 73.'),
(9, 'Török Tibor', '4400', 'Nyíregyháza', 'Örkény István utca 67.'),
(10, 'Fodor Ildikó', '5630', 'Békés', 'Örkény István utca 43.'),
(11, 'Nagy Ágnes', '2200', 'Monor', 'Radnóti Miklós utca 6.'),
(12, 'Török Andrea', '6900', 'Makó', 'Neumann János utca 8.'),
(13, 'Nagy Krisztián', '4002', 'Debrecen', 'Blaha Lujza utca 39.'),
(14, 'Papp Krisztián', '2112', 'Veresegyház', 'Pöltenberg Ernő utca 83.'),
(15, 'Balogh Éva', '2119', 'Pécel', 'Dobos István utca 28.'),
(16, 'Fazekas Lajos', '3700', 'Kazincbarcika', 'Álmos vezér utca 28.'),
(17, 'Farkas Andrea', '2330', 'Dunaharaszti', 'Tamási Áron utca 23.'),
(18, 'Mészáros Tibor', '4080', 'Hajdúnánás', 'Karinthy Frigyes utca 49.'),
(19, 'Sándor András', '8900', 'Zalaegerszeg', 'Örkény István utca 3.'),
(20, 'Szalai Mónika', '5540', 'Szarvas', 'Berzsenyi Dániel utca 86.'),
(21, 'Fazekas Lajos', '7200', 'Dombóvár', 'Kosztolányi Dezső utca 87.'),
(22, 'Lukács Erzsébet', '6720', 'Szeged', 'Rejtő Jenő utca 23.'),
(23, 'Sipos Mária', '9200', 'Mosonmagyaróvár', 'Széchenyi István utca 70.'),
(24, 'Lakatos Mihály', '2840', 'Oroszlány', 'Hét vezér utca 6.'),
(25, 'Antal Edit', '2000', 'Szentendre', 'Kassák Lajos utca 62.'),
(26, 'Nagy Eszter', '2400', 'Dunaújváros', 'Czuczor Gergely utca 3.'),
(27, 'Molnár Mária', '8800', 'Nagykanizsa', 'Neumann János utca 36.'),
(28, 'Magyar Mária', '6300', 'Kalocsa', 'Krúdy Gyula utca 35.'),
(29, 'Fekete Ágnes', '2310', 'Szigetszentmiklós', 'Tóth Árpád utca 2.'),
(30, 'Török Ildikó', '3580', 'Tiszaújváros', 'Hét vezér utca 78.'),
(31, 'Somogyi Erzsébet', '5630', 'Békés', 'Jókai Mór utca 53.'),
(32, 'Fodor Eszter', '6640', 'Csongrád', 'Március 15. utca 72.'),
(33, 'Szilágyi Csaba', '3580', 'Tiszaújváros', 'Március 15. utca 37.'),
(34, 'Szalai Krisztián', '8100', 'Várpalota', 'Dobos István utca 59.'),
(35, 'Hegedűs Krisztián', '9200', 'Mosonmagyaróvár', 'Kosztolányi Dezső utca 73.'),
(36, 'Antal Éva', '6300', 'Kalocsa', 'Hét vezér utca 3.'),
(37, 'Tóth Norbert', '3300', 'Eger', 'Rejtő Jenő utca 16.'),
(38, 'Kiss Szabolcs', '2900', 'Komárom', 'Vörösmarty Mihály utca 92.'),
(39, 'Kelemen Zsuzsanna', '5900', 'Orosháza', 'Vécsey Károly utca 9.'),
(40, 'Papp Péter', '2500', 'Esztergom', 'Munkácsy Mihály utca 49.'),
(41, 'Somogyi Andrea', '3400', 'Mezőkövesd', 'Bánki Donát utca 90.'),
(42, 'Szűcs Katalin', '2890', 'Tata', 'Rákóczi Ferenc utca 51.'),
(43, 'Papp Krisztián', '4060', 'Balmazújváros', 'Balassi Bálint utca 76.'),
(44, 'Kovács Mária', '2400', 'Dunaújváros', 'Liszt Ferenc utca 19.'),
(45, 'Fekete Tamás', '2220', 'Vecsés', 'Blaha Lujza utca 59.'),
(46, 'Török Judit', '2112', 'Veresegyház', 'Radnóti Miklós utca 6.'),
(47, 'Juhász László', '3400', 'Mezőkövesd', 'Toldi Miklós utca 8.'),
(48, 'Pintér Norbert', '5200', 'Törökszentmiklós', 'Puskás Tivadar utca 14.'),
(49, 'Kelemen Éva', '8900', 'Zalaegerszeg', 'Balázs Béla utca 36.'),
(50, 'Papp Károly', '7700', 'Mohács', 'Czuczor Gergely utca 1.'),
(51, 'Fazekas Krisztina', '2600', 'Vác', 'Blaha Lujza utca 72.'),
(52, 'Kelemen Károly', '4400', 'Nyíregyháza', 'Puskás Ferenc utca 83.'),
(53, 'Boros Péter', '2310', 'Szigetszentmiklós', 'Szent István utca 31.'),
(54, 'Lakatos Szabolcs', '9700', 'Szombathely', 'Bánki Donát utca 41.'),
(55, 'Juhász Róbert', '2600', 'Vác', 'Balassi Bálint utca 37.'),
(56, 'Deák János', '2119', 'Pécel', 'Jedlik Ányos utca 58.'),
(57, 'Horváth Katalin', '2900', 'Komárom', 'Illyés Gyula utca 64.'),
(58, 'Papp Eszter', '5300', 'Karcag', 'István király utca 28.'),
(59, 'Sipos Katalin', '5900', 'Orosháza', 'Puskás Ferenc utca 75.'),
(60, 'Varga István', '6300', 'Kalocsa', 'Bartók Béla utca 80.'),
(61, 'Tóth István', '4700', 'Mátészalka', 'Bocskai István utca 49.'),
(62, 'Balázs Andrea', '8600', 'Siófok', 'Örkény István utca 53.'),
(63, 'Németh István', '2400', 'Dunaújváros', 'Jászai Mari utca 25.'),
(64, 'Gál János', '2660', 'Balassagyarmat', 'Tóth Árpád utca 50.'),
(65, 'Balázs János', '9021', 'Győr', 'Szilágyi Erzsébet utca 21.'),
(66, 'Hegedűs Norbert', '9400', 'Sopron', 'Árpád fejedelem utca 42.'),
(67, 'Kocsis Mária', '7300', 'Komló', 'Kassák Lajos utca 85.'),
(68, 'Fodor Szilvia', '2120', 'Dunakeszi', 'Gábor Áron utca 4.'),
(69, 'Bíró Mária', '8500', 'Pápa', 'Szabó Lőrinc utca 59.'),
(70, 'Balogh Attila', '6720', 'Szeged', 'Kölcsey Ferenc utca 43.'),
(71, 'Balogh Edit', '2100', 'Gödöllő', 'Szabó Lőrinc utca 33.'),
(72, 'Fehér Sándor', '7621', 'Pécs', 'Tóth Árpád utca 95.'),
(73, 'Lakatos Edit', '7621', 'Pécs', 'Szilágyi Erzsébet utca 44.'),
(74, 'Varga Viktória', '5700', 'Gyula', 'Blaha Lujza utca 38.'),
(75, 'Mészáros Éva', '5900', 'Orosháza', 'Katona József utca 46.'),
(76, 'László Károly', '2400', 'Dunaújváros', 'Pöltenberg Ernő utca 73.'),
(77, 'Mészáros Zsuzsanna', '9021', 'Győr', 'Dobos István utca 17.'),
(78, 'Antal Andrea', '4002', 'Debrecen', 'Bethlen Gábor utca 95.'),
(79, 'Lukács Ágnes', '2800', 'Tatabánya', 'Czuczor Gergely utca 5.'),
(80, 'Szilágyi Erzsébet', '4002', 'Debrecen', 'Ady Endre utca 17.'),
(81, 'Gál Andrea', '2230', 'Gyömrő', 'Karinthy Frigyes utca 13.'),
(82, 'Simon Zsuzsanna', '6800', 'Hódmezővásárhely', 'Március 15. utca 18.'),
(83, 'Nagy Edit', '2000', 'Szentendre', 'Tóth Árpád utca 27.'),
(84, 'Nagy Tibor', '2310', 'Szigetszentmiklós', 'Liszt Ferenc utca 95.'),
(85, 'Somogyi Judit', '5000', 'Szolnok', 'Mikes Kelemen utca 84.'),
(86, 'Szalai István', '8500', 'Pápa', 'Berzsenyi Dániel utca 16.'),
(87, 'Fülöp Gyula', '2500', 'Esztergom', 'József Attila utca 58.'),
(88, 'Hegedűs Viktória', '2230', 'Gyömrő', 'Pázmány Péter utca 49.'),
(89, 'Hegedűs Andrea', '8600', 'Siófok', 'Álmos vezér utca 51.'),
(90, 'Szűcs Mihály', '7200', 'Dombóvár', 'Hét vezér utca 94.'),
(91, 'Lengyel Ferenc', '5300', 'Karcag', 'István király utca 98.'),
(92, 'Sándor Zsolt', '5900', 'Orosháza', 'Czuczor Gergely utca 28.'),
(93, 'Tóth András', '7400', 'Kaposvár', 'Balassi Bálint utca 79.'),
(94, 'Bíró Tibor', '2030', 'Érd', 'Kandó Kálmán utca 88.'),
(95, 'Lakatos Szilvia', '8500', 'Pápa', 'Szabó Lőrinc utca 3.'),
(96, 'Antal Anikó', '4080', 'Hajdúnánás', 'Rákóczi Ferenc utca 71.'),
(97, 'Szűcs Balázs', '5630', 'Békés', 'Szilágyi Erzsébet utca 30.'),
(98, 'Balázs Anita', '7300', 'Komló', 'Gábor Áron utca 84.'),
(99, 'Sipos Katalin', '4220', 'Hajdúböszörmény', 'Ady Endre utca 20.'),
(100, 'Szűcs Gabriella', '3300', 'Eger', 'Juhász Gyula utca 8.');

-- --------------------------------------------------------

--
-- Nézet szerkezete `rendeles_reszletek`
--
DROP TABLE IF EXISTS `rendeles_reszletek`;

CREATE ALGORITHM=UNDEFINED DEFINER=`root`@`localhost` SQL SECURITY DEFINER VIEW `rendeles_reszletek`  AS SELECT `o`.`Rendeles_ID` AS `Rendeles_ID`, `o`.`Rendeles_Datuma` AS `Rendeles_Datuma`, `c`.`Nev` AS `Vasarlo_Neve`, `c`.`Email` AS `Email`, `o`.`Szallitasi_Cim` AS `Szallitasi_Cim`, `o`.`Statusz` AS `Statusz`, `o`.`Vegosszeg` AS `Vegosszeg`, count(`oi`.`Tetel_ID`) AS `Termekek_Szama` FROM ((`orders` `o` join `customers` `c` on(`o`.`Vasarlo_ID` = `c`.`Vasarlo_ID`)) left join `order_items` `oi` on(`o`.`Rendeles_ID` = `oi`.`Rendeles_ID`)) GROUP BY `o`.`Rendeles_ID` ;

--
-- Indexek a kiírt táblákhoz
--

--
-- A tábla indexei `categories`
--
ALTER TABLE `categories`
  ADD PRIMARY KEY (`Kategoria_ID`),
  ADD KEY `idx_categories_parent` (`Szulo_Kategoria_ID`);

--
-- A tábla indexei `customers`
--
ALTER TABLE `customers`
  ADD PRIMARY KEY (`Vasarlo_ID`),
  ADD UNIQUE KEY `Email` (`Email`),
  ADD KEY `idx_customers_email` (`Email`);

--
-- A tábla indexei `orders`
--
ALTER TABLE `orders`
  ADD PRIMARY KEY (`Rendeles_ID`),
  ADD KEY `idx_orders_customer_date` (`Vasarlo_ID`,`Rendeles_Datuma`),
  ADD KEY `idx_orders_status` (`Statusz`);

--
-- A tábla indexei `order_items`
--
ALTER TABLE `order_items`
  ADD PRIMARY KEY (`Tetel_ID`),
  ADD UNIQUE KEY `Rendeles_ID` (`Rendeles_ID`,`Termek_ID`),
  ADD KEY `idx_order_items_order` (`Rendeles_ID`),
  ADD KEY `idx_order_items_product` (`Termek_ID`);

--
-- A tábla indexei `products`
--
ALTER TABLE `products`
  ADD PRIMARY KEY (`Termek_ID`),
  ADD KEY `idx_products_category` (`Kategoria_ID`),
  ADD KEY `idx_products_active` (`Aktiv`);

--
-- A tábla indexei `szamlafej`
--
ALTER TABLE `szamlafej`
  ADD PRIMARY KEY (`id`),
  ADD UNIQUE KEY `szamlaszam` (`szamlaszam`);

--
-- A tábla indexei `szamlatetel`
--
ALTER TABLE `szamlatetel`
  ADD PRIMARY KEY (`id`);

--
-- A tábla indexei `termekek`
--
ALTER TABLE `termekek`
  ADD PRIMARY KEY (`id`),
  ADD UNIQUE KEY `megnevezes` (`megnevezes`);

--
-- A tábla indexei `vevok`
--
ALTER TABLE `vevok`
  ADD PRIMARY KEY (`id`);

--
-- A kiírt táblák AUTO_INCREMENT értéke
--

--
-- AUTO_INCREMENT a táblához `categories`
--
ALTER TABLE `categories`
  MODIFY `Kategoria_ID` int(11) NOT NULL AUTO_INCREMENT, AUTO_INCREMENT=7;

--
-- AUTO_INCREMENT a táblához `customers`
--
ALTER TABLE `customers`
  MODIFY `Vasarlo_ID` int(11) NOT NULL AUTO_INCREMENT, AUTO_INCREMENT=5;

--
-- AUTO_INCREMENT a táblához `orders`
--
ALTER TABLE `orders`
  MODIFY `Rendeles_ID` int(11) NOT NULL AUTO_INCREMENT, AUTO_INCREMENT=3;

--
-- AUTO_INCREMENT a táblához `order_items`
--
ALTER TABLE `order_items`
  MODIFY `Tetel_ID` int(11) NOT NULL AUTO_INCREMENT, AUTO_INCREMENT=4;

--
-- AUTO_INCREMENT a táblához `products`
--
ALTER TABLE `products`
  MODIFY `Termek_ID` int(11) NOT NULL AUTO_INCREMENT, AUTO_INCREMENT=4;

--
-- AUTO_INCREMENT a táblához `szamlafej`
--
ALTER TABLE `szamlafej`
  MODIFY `id` int(11) NOT NULL AUTO_INCREMENT, AUTO_INCREMENT=201;

--
-- AUTO_INCREMENT a táblához `szamlatetel`
--
ALTER TABLE `szamlatetel`
  MODIFY `id` int(11) NOT NULL AUTO_INCREMENT, AUTO_INCREMENT=572;

--
-- AUTO_INCREMENT a táblához `termekek`
--
ALTER TABLE `termekek`
  MODIFY `id` int(11) NOT NULL AUTO_INCREMENT, AUTO_INCREMENT=21;

--
-- AUTO_INCREMENT a táblához `vevok`
--
ALTER TABLE `vevok`
  MODIFY `id` int(11) NOT NULL AUTO_INCREMENT, AUTO_INCREMENT=101;

--
-- Megkötések a kiírt táblákhoz
--

--
-- Megkötések a táblához `categories`
--
ALTER TABLE `categories`
  ADD CONSTRAINT `categories_ibfk_1` FOREIGN KEY (`Szulo_Kategoria_ID`) REFERENCES `categories` (`Kategoria_ID`);

--
-- Megkötések a táblához `orders`
--
ALTER TABLE `orders`
  ADD CONSTRAINT `orders_ibfk_1` FOREIGN KEY (`Vasarlo_ID`) REFERENCES `customers` (`Vasarlo_ID`);

--
-- Megkötések a táblához `order_items`
--
ALTER TABLE `order_items`
  ADD CONSTRAINT `order_items_ibfk_1` FOREIGN KEY (`Rendeles_ID`) REFERENCES `orders` (`Rendeles_ID`) ON DELETE CASCADE,
  ADD CONSTRAINT `order_items_ibfk_2` FOREIGN KEY (`Termek_ID`) REFERENCES `products` (`Termek_ID`);

--
-- Megkötések a táblához `products`
--
ALTER TABLE `products`
  ADD CONSTRAINT `products_ibfk_1` FOREIGN KEY (`Kategoria_ID`) REFERENCES `categories` (`Kategoria_ID`);
COMMIT;

/*!40101 SET CHARACTER_SET_CLIENT=@OLD_CHARACTER_SET_CLIENT */;
/*!40101 SET CHARACTER_SET_RESULTS=@OLD_CHARACTER_SET_RESULTS */;
/*!40101 SET COLLATION_CONNECTION=@OLD_COLLATION_CONNECTION */;
